{"cameraMode":{"drawMode":0,"name":"Shaded","section":"Shading Mode"},"sceneLighting":true,"audioPlay":false,"sceneViewState":{"showFog":true,"showMaterialUpdate":false,"showSkybox":true,"showFlares":true,"showImageEffects":true,"showParticleSystems":true},"in2DMode":false,"pivot":{"x":-8.65623664855957,"y":-15.973052978515625,"z":86.68658447265625},"rotation":{"x":-0.20796118676662446,"y":0.3816691040992737,"z":-0.08855599164962769,"w":-0.8962456583976746},"size":27.358951568603517,"orthographic":false}