{"cameraMode":{"drawMode":0,"name":"Shaded","section":"Shading Mode"},"sceneLighting":false,"audioPlay":false,"sceneViewState":{"showFog":true,"showMaterialUpdate":false,"showSkybox":false,"showFlares":true,"showImageEffects":true,"showParticleSystems":true},"in2DMode":false,"pivot":{"x":4.856390953063965,"y":-2.4351441860198976,"z":-2.4714460372924806},"rotation":{"x":0.12585026025772096,"y":0.823188304901123,"z":-0.2003275454044342,"w":0.5163869261741638},"size":3.6440892219543459,"orthographic":false}