{"cameraMode":{"drawMode":0,"name":"Shaded","section":"Shading Mode"},"sceneLighting":false,"audioPlay":false,"sceneViewState":{"showFog":true,"showMaterialUpdate":false,"showSkybox":false,"showFlares":true,"showImageEffects":true,"showParticleSystems":true},"in2DMode":false,"pivot":{"x":-11.372919082641602,"y":-3.4530630111694338,"z":-6.819686412811279},"rotation":{"x":-0.04194743558764458,"y":-0.9238422513008118,"z":0.10607463866472244,"w":-0.3655441999435425},"size":0.936964750289917,"orthographic":false}