{"cameraMode":{"drawMode":0,"name":"Shaded","section":"Shading Mode"},"sceneLighting":false,"audioPlay":false,"sceneViewState":{"showFog":true,"showMaterialUpdate":false,"showSkybox":false,"showFlares":true,"showImageEffects":true,"showParticleSystems":true},"in2DMode":false,"pivot":{"x":-1.1196072101593018,"y":0.007524847984313965,"z":-0.7261998653411865},"rotation":{"x":0.03890320658683777,"y":-0.9544298648834229,"z":0.14307579398155213,"w":0.25924238562583926},"size":1.782907485961914,"orthographic":false}