{"cameraMode":{"drawMode":0,"name":"Shaded","section":"Shading Mode"},"sceneLighting":true,"audioPlay":false,"sceneViewState":{"showFog":true,"showMaterialUpdate":false,"showSkybox":true,"showFlares":true,"showImageEffects":true,"showParticleSystems":true},"in2DMode":false,"pivot":{"x":966.3233032226563,"y":35.463279724121097,"z":727.7998657226563},"rotation":{"x":-0.03090573288500309,"y":-0.9068785905838013,"z":0.4148160517215729,"w":-0.06758908182382584},"size":2.9727513790130617,"orthographic":false}