{"cameraMode":{"drawMode":0,"name":"Shaded","section":"Shading Mode"},"sceneLighting":true,"audioPlay":false,"sceneViewState":{"showFog":true,"showMaterialUpdate":false,"showSkybox":true,"showFlares":true,"showImageEffects":true,"showParticleSystems":true},"in2DMode":false,"pivot":{"x":36.12553787231445,"y":17.193675994873048,"z":38.07971954345703},"rotation":{"x":0.12059194594621659,"y":0.6068048477172852,"z":-0.09372375905513764,"w":0.7802082300186157},"size":49.469818115234378,"orthographic":false}