{"cameraMode":{"drawMode":0,"name":"Shaded","section":"Shading Mode"},"sceneLighting":false,"audioPlay":false,"sceneViewState":{"showFog":true,"showMaterialUpdate":false,"showSkybox":false,"showFlares":true,"showImageEffects":true,"showParticleSystems":true},"in2DMode":false,"pivot":{"x":22.125455856323243,"y":18.895145416259767,"z":42.275917053222659},"rotation":{"x":-0.10679655522108078,"y":-0.4063624441623688,"z":0.04790278896689415,"w":-0.906249463558197},"size":7.152128219604492,"orthographic":false}