{"cameraMode":{"drawMode":0,"name":"Shaded","section":"Shading Mode"},"sceneLighting":false,"audioPlay":false,"sceneViewState":{"showFog":true,"showMaterialUpdate":false,"showSkybox":false,"showFlares":true,"showImageEffects":true,"showParticleSystems":true},"in2DMode":false,"pivot":{"x":-0.017500001937150956,"y":0.012500000186264515,"z":-0.03999999910593033},"rotation":{"x":0.1021275445818901,"y":-0.44445282220840456,"z":0.05081479251384735,"w":0.8886042237281799},"size":0.028613807633519174,"orthographic":false}