{"cameraMode":{"drawMode":0,"name":"Shaded","section":"Shading Mode"},"sceneLighting":true,"audioPlay":false,"sceneViewState":{"showFog":true,"showMaterialUpdate":false,"showSkybox":true,"showFlares":true,"showImageEffects":true,"showParticleSystems":true},"in2DMode":false,"pivot":{"x":21.110424041748048,"y":-0.6355290412902832,"z":69.32792663574219},"rotation":{"x":0.25324562191963198,"y":-0.057698942720890048,"z":0.015131006017327309,"w":0.9655647277832031},"size":4.321985721588135,"orthographic":false}