{"cameraMode":{"drawMode":0,"name":"Shaded","section":"Shading Mode"},"sceneLighting":false,"audioPlay":false,"sceneViewState":{"showFog":true,"showMaterialUpdate":false,"showSkybox":false,"showFlares":true,"showImageEffects":true,"showParticleSystems":true},"in2DMode":false,"pivot":{"x":-11.409000396728516,"y":-3.600506067276001,"z":-4.452764987945557},"rotation":{"x":-0.00268942560069263,"y":-0.015776360407471658,"z":-0.00007687231118325144,"w":1.0000003576278687},"size":1.766035556793213,"orthographic":false}