{"cameraMode":{"drawMode":0,"name":"Shaded","section":"Shading Mode"},"sceneLighting":true,"audioPlay":false,"sceneViewState":{"showFog":true,"showMaterialUpdate":false,"showSkybox":true,"showFlares":true,"showImageEffects":true,"showParticleSystems":true},"in2DMode":false,"pivot":{"x":967.5424194335938,"y":39.28495407104492,"z":722.9334716796875},"rotation":{"x":-0.009347611106932164,"y":-0.9905343651771545,"z":0.10438966751098633,"w":-0.08877897262573242},"size":0.3700178265571594,"orthographic":false}