{"cameraMode":{"drawMode":0,"name":"Shaded","section":"Shading Mode"},"sceneLighting":false,"audioPlay":false,"sceneViewState":{"showFog":true,"showMaterialUpdate":false,"showSkybox":false,"showFlares":true,"showImageEffects":true,"showParticleSystems":true},"in2DMode":false,"pivot":{"x":-12.508147239685059,"y":-2.9490394592285158,"z":-4.846208572387695},"rotation":{"x":-0.04194743558764458,"y":-0.9238422513008118,"z":0.10607463866472244,"w":-0.3655441999435425},"size":6.314596652984619,"orthographic":false}