{"cameraMode":{"drawMode":0,"name":"Shaded","section":"Shading Mode"},"sceneLighting":false,"audioPlay":false,"sceneViewState":{"showFog":true,"showMaterialUpdate":false,"showSkybox":false,"showFlares":true,"showImageEffects":true,"showParticleSystems":true},"in2DMode":false,"pivot":{"x":3.5199999809265138,"y":2.2899999618530275,"z":18.8700008392334},"rotation":{"x":-0.00268942560069263,"y":-0.015776360407471658,"z":-0.00007687231118325144,"w":1.0000003576278687},"size":1.31624436378479,"orthographic":false}