{"cameraMode":{"drawMode":0,"name":"Shaded","section":"Shading Mode"},"sceneLighting":false,"audioPlay":false,"sceneViewState":{"showFog":true,"showMaterialUpdate":false,"showSkybox":false,"showFlares":true,"showImageEffects":true,"showParticleSystems":true},"in2DMode":false,"pivot":{"x":33.525543212890628,"y":9.439678192138672,"z":47.70399856567383},"rotation":{"x":-0.00268942560069263,"y":-0.015776360407471658,"z":-0.00007687231118325144,"w":1.0000003576278687},"size":0.707177460193634,"orthographic":false}