{"cameraMode":{"drawMode":0,"name":"Shaded","section":"Shading Mode"},"sceneLighting":false,"audioPlay":false,"sceneViewState":{"showFog":true,"showMaterialUpdate":false,"showSkybox":false,"showFlares":true,"showImageEffects":true,"showParticleSystems":true},"in2DMode":false,"pivot":{"x":1.9124929904937745,"y":1.693148136138916,"z":1.0009289979934693},"rotation":{"x":0.08732814341783524,"y":0.7424047589302063,"z":-0.09890362620353699,"w":0.6570014953613281},"size":1.9390666484832764,"orthographic":false}