{"cameraMode":{"drawMode":0,"name":"Shaded","section":"Shading Mode"},"sceneLighting":false,"audioPlay":false,"sceneViewState":{"showFog":true,"showMaterialUpdate":false,"showSkybox":false,"showFlares":true,"showImageEffects":true,"showParticleSystems":true},"in2DMode":false,"pivot":{"x":5.893214225769043,"y":2.4820637702941896,"z":13.534553527832032},"rotation":{"x":0.1845286786556244,"y":0.7243567109107971,"z":-0.21256732940673829,"w":0.6295261383056641},"size":1.4654523134231568,"orthographic":false}